Titles,Action,Adventure,Comedy,Crime,Drama,Family,Fantasy,Horror,Romance,Sci-Fi,Thriller,War
9,0,1,0,0,0,0,0,0,0,0,0,0
12,0,0,1,0,0,0,0,0,0,0,0,0
42,0,0,0,0,1,0,0,0,0,0,0,0
187,0,0,0,0,1,0,0,0,0,0,0,0
2012,1,0,0,0,0,0,0,0,0,0,0,0
10 Things I Hate About You,0,0,1,0,0,0,0,0,0,0,0,0
12 and Holding,0,0,0,0,1,0,0,0,0,0,0,0
12 Monkeys,0,0,0,0,1,0,0,0,0,0,0,0
12 Years a Slave,0,0,0,0,1,0,0,0,0,0,0,0
127 Hours,0,1,0,0,0,0,0,0,0,0,0,0
1492 Conquest of Paradise,0,1,0,0,0,0,0,0,0,0,0,0
15 Minutes,1,0,0,0,0,0,0,0,0,0,0,0
17 Again,0,0,1,0,0,0,0,0,0,0,0,0
2001 A Space Odyssey,0,1,0,0,0,0,0,0,0,0,0,0
28 Days Later,0,0,0,0,1,0,0,0,0,0,0,0
30 Minutes or Less,1,0,0,0,0,0,0,0,0,0,0,0
44 Inch Chest,0,0,0,1,0,0,0,0,0,0,0,0
48 Hrs.,1,0,0,0,0,0,0,0,0,0,0,0
500 Days of Summer,0,0,1,0,0,0,0,0,0,0,0,0
50-50,0,0,1,0,0,0,0,0,0,0,0,0
8MM,0,0,0,0,0,0,0,0,0,0,1,0
A Few Good Men,0,0,0,1,0,0,0,0,0,0,0,0
A Most Violent Year,1,0,0,0,0,0,0,0,0,0,0,0
A Prayer Before Dawn,0,0,0,1,0,0,0,0,0,0,0,0
A Quiet Place,0,0,0,0,1,0,0,0,0,0,0,0
A Scanner Darkly,0,0,0,1,0,0,0,0,0,0,0,0
A Serious Man,0,0,1,0,0,0,0,0,0,0,0,0
Above the Law,1,0,0,0,0,0,0,0,0,0,0,0
Absolute Power,0,0,0,1,0,0,0,0,0,0,0,0
"Abyss, The",1,0,0,0,0,0,0,0,0,0,0,0
Ace Ventura Pet Detective,0,0,1,0,0,0,0,0,0,0,0,0
Adaptation,0,0,1,0,0,0,0,0,0,0,0,0
"Addams Family, The",0,0,1,0,0,0,0,0,0,0,0,0
"Adjustment Bureau, The",0,0,0,0,0,0,0,0,1,0,0,0
"Adventures of Buckaroo Banzai Across the Eighth Dimension, The",0,1,0,0,0,0,0,0,0,0,0,0
Affliction,0,0,0,0,1,0,0,0,0,0,0,0
After School Special,0,0,1,0,0,0,0,0,0,0,0,0
After.Life,0,0,0,0,1,0,0,0,0,0,0,0
Agnes of God,0,0,0,0,1,0,0,0,0,0,0,0
Air Force One,1,0,0,0,0,0,0,0,0,0,0,0
Airplane,0,0,1,0,0,0,0,0,0,0,0,0
Airplane 2 The Sequel,0,0,1,0,0,0,0,0,0,0,0,0
Aladdin,0,0,1,0,0,0,0,0,0,0,0,0
Ali,0,0,0,0,1,0,0,0,0,0,0,0
Alien,1,0,0,0,0,0,0,0,0,0,0,0
Alien 3,1,0,0,0,0,0,0,0,0,0,0,0
Alien Nation,0,0,0,1,0,0,0,0,0,0,0,0
Alien Resurrection,1,0,0,0,0,0,0,0,0,0,0,0
Alien vs. Predator,1,0,0,0,0,0,0,0,0,0,0,0
Aliens,1,0,0,0,0,0,0,0,0,0,0,0
All About Eve,0,0,0,0,1,0,0,0,0,0,0,0
All About Steve,0,0,1,0,0,0,0,0,0,0,0,0
All the King's Men,0,0,0,0,1,0,0,0,0,0,0,0
All the President's Men,0,0,0,0,1,0,0,0,0,0,0,0
Almost Famous,0,0,1,0,0,0,0,0,0,0,0,0
Alone in the Dark,1,0,0,0,0,0,0,0,0,0,0,0
Amadeus,0,0,0,0,1,0,0,0,0,0,0,0
Amelia,0,0,0,0,1,0,0,0,0,0,0,0
American Beauty,0,0,0,0,1,0,0,0,0,0,0,0
American Gangster,0,0,0,1,0,0,0,0,0,0,0,0
American Graffiti,0,0,1,0,0,0,0,0,0,0,0,0
American History X,0,0,0,1,0,0,0,0,0,0,0,0
American Hustle,0,0,0,1,0,0,0,0,0,0,0,0
American Madness,0,0,0,0,1,0,0,0,0,0,0,0
American Milkshake,0,0,1,0,0,0,0,0,0,0,0,0
American Outlaws,1,0,0,0,0,0,0,0,0,0,0,0
American Pie,0,0,1,0,0,0,0,0,0,0,0,0
"American President, The",0,0,1,0,0,0,0,0,0,0,0,0
American Psycho,0,0,0,0,1,0,0,0,0,0,0,0
American Shaolin King of Kickboxers II,1,0,0,0,0,0,0,0,0,0,0,0
American Sniper,1,0,0,0,0,0,0,0,0,0,0,0
American Splendor,0,0,1,0,0,0,0,0,0,0,0,0
American Werewolf in London,0,0,1,0,0,0,0,0,0,0,0,0
"American, The",0,0,0,1,0,0,0,0,0,0,0,0
"Amityville Asylum, The",0,0,0,0,0,0,0,1,0,0,0,0
Amour,0,0,0,0,1,0,0,0,0,0,0,0
An Education,0,0,0,0,1,0,0,0,0,0,0,0
Analyze That,0,0,1,0,0,0,0,0,0,0,0,0
Analyze This,0,0,1,0,0,0,0,0,0,0,0,0
Anastasia,0,0,0,0,0,1,0,0,0,0,0,0
Angel Eyes,0,0,0,0,1,0,0,0,0,0,0,0
Anna Karenina,0,0,0,0,1,0,0,0,0,0,0,0
Annie Hall,0,0,1,0,0,0,0,0,0,0,0,0
"Anniversary Party, The",0,0,0,0,1,0,0,0,0,0,0,0
Anonymous,0,0,0,0,1,0,0,0,0,0,0,0
Antitrust,0,0,0,1,0,0,0,0,0,0,0,0
Antz,0,1,0,0,0,0,0,0,0,0,0,0
"Apartment, The",0,0,1,0,0,0,0,0,0,0,0,0
Apocalypse Now,1,0,0,0,0,0,0,0,0,0,0,0
April Fool's Day,0,0,1,0,0,0,0,0,0,0,0,0
Apt Pupil,0,0,0,0,1,0,0,0,0,0,0,0
Arbitrage,0,0,0,0,1,0,0,0,0,0,0,0
Arcade,0,0,0,0,0,0,0,0,0,1,0,0
Arctic Blue,1,0,0,0,0,0,0,0,0,0,0,0
Argo,0,0,0,0,1,0,0,0,0,0,0,0
Armageddon,1,0,0,0,0,0,0,0,0,0,0,0
Army of Darkness,1,0,0,0,0,0,0,0,0,0,0,0
Arsenic and Old Lace,0,0,1,0,0,0,0,0,0,0,0,0
Arthur,0,0,1,0,0,0,0,0,0,0,0,0
"Artist, The",0,0,1,0,0,0,0,0,0,0,0,0
As Good As It Gets,0,0,1,0,0,0,0,0,0,0,0,0
Assassins,1,0,0,0,0,0,0,0,0,0,0,0
"Assignment, The",0,0,0,0,0,0,0,0,0,0,1,0
At First Sight,0,0,0,0,1,0,0,0,0,0,0,0
August Osage County,0,0,0,0,1,0,0,0,0,0,0,0
Austin Powers - International Man of Mystery,1,0,0,0,0,0,0,0,0,0,0,0
Austin Powers - The Spy Who Shagged Me,1,0,0,0,0,0,0,0,0,0,0,0
Authors Anonymous,0,0,1,0,0,0,0,0,0,0,0,0
Autumn in New York,0,0,0,0,1,0,0,0,0,0,0,0
Avatar,1,0,0,0,0,0,0,0,0,0,0,0
"Avengers, The",1,0,0,0,0,0,0,0,0,0,0,0
"Avengers, The (2012)",1,0,0,0,0,0,0,0,0,0,0,0
"Avventura, L' (The Adventure)",0,0,0,0,1,0,0,0,0,0,0,0
Awakenings,0,0,0,0,1,0,0,0,0,0,0,0
Babel,0,0,0,0,1,0,0,0,0,0,0,0
Bachelor Party,0,0,1,0,0,0,0,0,0,0,0,0
"Bachelor Party, The",0,0,0,0,1,0,0,0,0,0,0,0
Backdraft,1,0,0,0,0,0,0,0,0,0,0,0
"Back-up Plan, The",0,0,1,0,0,0,0,0,0,0,0,0
Bad Boys,1,0,0,0,0,0,0,0,0,0,0,0
Bad Country,1,0,0,0,0,0,0,0,0,0,0,0
Bad Day at Black Rock,0,0,0,0,1,0,0,0,0,0,0,0
Bad Dreams,0,0,0,0,0,0,0,1,0,0,0,0
Bad Lieutenant,0,0,0,1,0,0,0,0,0,0,0,0
Bad Santa,0,0,1,0,0,0,0,0,0,0,0,0
Bad Teacher,0,0,1,0,0,0,0,0,0,0,0,0
Badlands,0,0,0,1,0,0,0,0,0,0,0,0
Bamboozled,0,0,1,0,0,0,0,0,0,0,0,0
Barry Lyndon,0,0,0,0,1,0,0,0,0,0,0,0
Barton Fink,0,0,1,0,0,0,0,0,0,0,0,0
Basic,0,0,0,0,1,0,0,0,0,0,0,0
Basic Instinct,0,0,0,1,0,0,0,0,0,0,0,0
Basquiat,0,0,0,0,1,0,0,0,0,0,0,0
Batman,1,0,0,0,0,0,0,0,0,0,0,0
Batman 2,1,0,0,0,0,0,0,0,0,0,0,0
Battle Los Angeles,1,0,0,0,0,0,0,0,0,0,0,0
"Battle of Algiers, The",0,0,0,0,1,0,0,0,0,0,0,0
"Battle of Shaker Heights, The",0,0,1,0,0,0,0,0,0,0,0,0
"Beach, The",0,1,0,0,0,0,0,0,0,0,0,0
Bean,0,0,1,0,0,0,0,0,0,0,0,0
Beasts of No Nation,0,0,0,0,1,0,0,0,0,0,0,0
Beasts of the Southern Wild,0,0,0,0,1,0,0,0,0,0,0,0
Beauty and the Beast,0,0,0,0,0,1,0,0,0,0,0,0
Beavis and Butt-head Do America,0,0,1,0,0,0,0,0,0,0,0,0
Beginners,0,0,1,0,0,0,0,0,0,0,0,0
Being Human,0,0,1,0,0,0,0,0,0,0,0,0
Being John Malkovich,0,0,1,0,0,0,0,0,0,0,0,0
Being There,0,0,1,0,0,0,0,0,0,0,0,0
"Believer, The",0,0,0,0,1,0,0,0,0,0,0,0
Belle,0,0,0,0,1,0,0,0,0,0,0,0
Beloved,0,0,0,0,1,0,0,0,0,0,0,0
"Best Exotic Marigold Hotel, The",0,0,1,0,0,0,0,0,0,0,0,0
Big,0,0,1,0,0,0,0,0,0,0,0,0
"Big Blue, The",0,0,0,0,1,0,0,0,0,0,0,0
Big Eyes,0,0,0,1,0,0,0,0,0,0,0,0
Big Fish,0,1,0,0,0,0,0,0,0,0,0,0
"Big Lebowski, The",0,0,1,0,0,0,0,0,0,0,0,0
"Big Sick, The",0,0,1,0,0,0,0,0,0,0,0,0
"Big White, The",0,0,1,0,0,0,0,0,0,0,0,0
Birdman,0,0,1,0,0,0,0,0,0,0,0,0
"Birds, The",0,0,0,0,1,0,0,0,0,0,0,0
Birthday Girl,0,0,1,0,0,0,0,0,0,0,0,0
"Black Dahlia, The",0,0,0,1,0,0,0,0,0,0,0,0
Black Panther,1,0,0,0,0,0,0,0,0,0,0,0
Black Rain,1,0,0,0,0,0,0,0,0,0,0,0
Black Snake Moan,0,0,0,0,1,0,0,0,0,0,0,0
Black Swan,0,0,0,0,1,0,0,0,0,0,0,0
BlacKkKlansman,0,0,0,1,0,0,0,0,0,0,0,0
Blade,1,0,0,0,0,0,0,0,0,0,0,0
Blade II,1,0,0,0,0,0,0,0,0,0,0,0
Blade Runner,1,0,0,0,0,0,0,0,0,0,0,0
Blade Trinity,1,0,0,0,0,0,0,0,0,0,0,0
"Blast from the Past, The",0,0,1,0,0,0,0,0,0,0,0,0
"Blind Side, The",0,0,0,0,1,0,0,0,0,0,0,0
"Bling Ring, The",0,0,0,1,0,0,0,0,0,0,0,0
Blood and Wine,0,0,0,1,0,0,0,0,0,0,0,0
Blood Simple,0,0,0,0,1,0,0,0,0,0,0,0
Blow,0,0,0,1,0,0,0,0,0,0,0,0
Blue Valentine,0,0,0,0,1,0,0,0,0,0,0,0
Blue Velvet,0,0,0,1,0,0,0,0,0,0,0,0
Body Heat,0,0,0,1,0,0,0,0,0,0,0,0
Body of Evidence,0,0,0,0,0,0,0,0,1,0,0,0
Bodyguard,0,0,0,0,1,0,0,0,0,0,0,0
Bones,0,0,0,0,0,0,0,1,0,0,0,0
Bonfire of the Vanities,0,0,1,0,0,0,0,0,0,0,0,0
Bonnie and Clyde,0,0,0,1,0,0,0,0,0,0,0,0
Boogie Nights,0,0,0,0,1,0,0,0,0,0,0,0
"Book of Eli, The",1,0,0,0,0,0,0,0,0,0,0,0
Boondock Saints 2 All Saints Day,1,0,0,0,0,0,0,0,0,0,0,0
"Boondock Saints, The",0,0,0,1,0,0,0,0,0,0,0,0
Bottle Rocket,0,0,1,0,0,0,0,0,0,0,0,0
Bound,0,0,0,1,0,0,0,0,0,0,0,0
"Bounty Hunter, The",1,0,0,0,0,0,0,0,0,0,0,0
"Bourne Identity, The",1,0,0,0,0,0,0,0,0,0,0,0
"Bourne Ultimatum, The",1,0,0,0,0,0,0,0,0,0,0,0
"Box, The",0,0,0,0,1,0,0,0,0,0,0,0
"Boxtrolls, The",0,1,0,0,0,0,0,0,0,0,0,0
Boyhood,0,0,0,0,1,0,0,0,0,0,0,0
Braveheart,1,0,0,0,0,0,0,0,0,0,0,0
Brazil,0,0,1,0,0,0,0,0,0,0,0,0
Break,0,0,0,0,1,0,0,0,0,0,0,0
Breakdown,1,0,0,0,0,0,0,0,0,0,0,0
"Breakfast Club, The",0,0,1,0,0,0,0,0,0,0,0,0
Breaking Away,0,0,1,0,0,0,0,0,0,0,0,0
Brick,0,0,0,0,1,0,0,0,0,0,0,0
Bridesmaids,0,0,1,0,0,0,0,0,0,0,0,0
Bringing Out the Dead,0,0,0,0,1,0,0,0,0,0,0,0
Broadcast News,0,0,1,0,0,0,0,0,0,0,0,0
Broken Arrow,1,0,0,0,0,0,0,0,0,0,0,0
Broken Embraces,0,0,0,0,1,0,0,0,0,0,0,0
"Brothers Bloom, The",0,1,0,0,0,0,0,0,0,0,0,0
Bruce Almighty,0,0,1,0,0,0,0,0,0,0,0,0
Buffy the Vampire Slayer,1,0,0,0,0,0,0,0,0,0,0,0
Bull Durham,0,0,1,0,0,0,0,0,0,0,0,0
Buried,0,0,0,0,1,0,0,0,0,0,0,0
Burlesque,0,0,0,0,1,0,0,0,0,0,0,0
Burn After Reading,0,0,1,0,0,0,0,0,0,0,0,0
Burning Annie,0,0,1,0,0,0,0,0,0,0,0,0
"Butterfly Effect, The",0,0,0,0,1,0,0,0,0,0,0,0
Cable Guy,0,0,1,0,0,0,0,0,0,0,0,0
Candle to Water,0,0,0,0,1,0,0,0,0,0,0,0
Capote,0,0,0,1,0,0,0,0,0,0,0,0
Carrie,0,0,0,0,0,0,0,1,0,0,0,0
Cars 2,1,0,0,0,0,0,0,0,0,0,0,0
Case 39,0,0,0,0,0,0,0,1,0,0,0,0
Casino,0,0,0,1,0,0,0,0,0,0,0,0
Cast Away,0,1,0,0,0,0,0,0,0,0,0,0
Catch Me If You Can,0,0,0,1,0,0,0,0,0,0,0,0
Cecil B. Demented,0,0,1,0,0,0,0,0,0,0,0,0
Cedar Rapids,0,0,1,0,0,0,0,0,0,0,0,0
"Cell, The",0,0,0,0,0,0,0,1,0,0,0,0
Cellular,1,0,0,0,0,0,0,0,0,0,0,0
Changeling,0,0,0,1,0,0,0,0,0,0,0,0
"Change-Up, The",0,0,1,0,0,0,0,0,0,0,0,0
Chaos,1,0,0,0,0,0,0,0,0,0,0,0
Charade,0,0,1,0,0,0,0,0,0,0,0,0
Charlie's Angels,1,0,0,0,0,0,0,0,0,0,0,0
Chasing Amy,0,0,1,0,0,0,0,0,0,0,0,0
Chasing Sleep,0,0,0,0,0,0,0,1,0,0,0,0
Cherry Falls,0,0,1,0,0,0,0,0,0,0,0,0
Chinatown,0,0,0,1,0,0,0,0,0,0,0,0
Christ Complex,0,0,1,0,0,0,0,0,0,0,0,0
Chronicle,0,0,0,0,1,0,0,0,0,0,0,0
"Chronicles of Narnia The Lion, the Witch and the Wardrobe",1,0,0,0,0,0,0,0,0,0,0,0
"Cider House Rules, The",0,0,0,0,1,0,0,0,0,0,0,0
"Cincinnati Kid, The",0,0,0,0,1,0,0,0,0,0,0,0
Cinema Paradiso,0,0,0,0,1,0,0,0,0,0,0,0
Cirque du Freak The Vampire's Assistant,1,0,0,0,0,0,0,0,0,0,0,0
Citizen Kane,0,0,0,0,1,0,0,0,0,0,0,0
City of Joy,0,0,0,0,1,0,0,0,0,0,0,0
Clash of the Titans,1,0,0,0,0,0,0,0,0,0,0,0
Clerks,0,0,1,0,0,0,0,0,0,0,0,0
Cliffhanger,1,0,0,0,0,0,0,0,0,0,0,0
Clueless,0,0,1,0,0,0,0,0,0,0,0,0
Cobb,0,0,0,0,1,0,0,0,0,0,0,0
Coco,0,1,0,0,0,0,0,0,0,0,0,0
Code of Silence,1,0,0,0,0,0,0,0,0,0,0,0
Cold Mountain,0,0,0,0,1,0,0,0,0,0,0,0
Collateral Damage,1,0,0,0,0,0,0,0,0,0,0,0
Colombiana,1,0,0,0,0,0,0,0,0,0,0,0
Color of Night,0,0,0,0,0,0,0,0,1,0,0,0
Confessions of a Dangerous Mind,0,0,0,1,0,0,0,0,0,0,0,0
Confidence,0,0,0,1,0,0,0,0,0,0,0,0
Constantine,1,0,0,0,0,0,0,0,0,0,0,0
"Cooler, The",0,0,1,0,0,0,0,0,0,0,0,0
Copycat,0,0,0,1,0,0,0,0,0,0,0,0
Coraline,0,1,0,0,0,0,0,0,0,0,0,0
Coriolanus,0,0,0,0,1,0,0,0,0,0,0,0
Cradle 2 the Grave,1,0,0,0,0,0,0,0,0,0,0,0
Crank,1,0,0,0,0,0,0,0,0,0,0,0
Crash,0,0,0,0,1,0,0,0,0,0,0,0
"Crazy, Stupid, Love",0,0,1,0,0,0,0,0,0,0,0,0
Crazylove,0,0,0,0,1,0,0,0,0,0,0,0
Creation,0,0,0,0,1,0,0,0,0,0,0,0
Crime Spree,0,0,1,0,0,0,0,0,0,0,0,0
"Croods, The",0,1,0,0,0,0,0,0,0,0,0,0
"Crouching Tiger, Hidden Dragon",1,0,0,0,0,0,0,0,0,0,0,0
Croupier,0,0,0,1,0,0,0,0,0,0,0,0
"Crow City of Angels, The",1,0,0,0,0,0,0,0,0,0,0,0
"Crow Salvation, The",1,0,0,0,0,0,0,0,0,0,0,0
"Crow, The",1,0,0,0,0,0,0,0,0,0,0,0
Cruel Intentions,0,0,0,0,1,0,0,0,0,0,0,0
Crying Game,1,0,0,0,0,0,0,0,0,0,0,0
Cube,0,0,0,0,0,0,0,1,0,0,0,0
"Curious Case of Benjamin Button, The",0,0,0,0,1,0,0,0,0,0,0,0
Custody,0,0,1,0,0,0,0,0,0,0,0,0
Dallas Buyers Club,0,0,0,0,1,0,0,0,0,0,0,0
"Damned United, The",0,0,0,0,1,0,0,0,0,0,0,0
Dances with Wolves,0,1,0,0,0,0,0,0,0,0,0,0
"Danish Girl, The",0,0,0,0,1,0,0,0,0,0,0,0
Dark City,0,0,0,0,0,0,0,0,0,1,0,0
"Dark Knight Rises, The",1,0,0,0,0,0,0,0,0,0,0,0
Dark Star,0,0,1,0,0,0,0,0,0,0,0,0
Darkman,1,0,0,0,0,0,0,0,0,0,0,0
Date Night,0,0,1,0,0,0,0,0,0,0,0,0
Dave Barry's Complete Guide to Guys,0,0,1,0,0,0,0,0,0,0,0,0
Dawn of the Dead,1,0,0,0,0,0,0,0,0,0,0,0
Day of the Dead,0,0,0,0,1,0,0,0,0,0,0,0
"Day the Clown Cried, The",0,0,0,0,1,0,0,0,0,0,0,0
"Day the Earth Stood Still, The",0,0,0,0,1,0,0,0,0,0,0,0
Days of Heaven,0,0,0,0,1,0,0,0,0,0,0,0
Dead Poets Society,0,0,0,0,1,0,0,0,0,0,0,0
Deadpool,1,0,0,0,0,0,0,0,0,0,0,0
Dear White People,0,0,1,0,0,0,0,0,0,0,0,0
Death at a Funeral,0,0,1,0,0,0,0,0,0,0,0,0
Death to Smoochy,0,0,1,0,0,0,0,0,0,0,0,0
"Debt, The",1,0,0,0,0,0,0,0,0,0,0,0
Deception,0,0,0,1,0,0,0,0,0,0,0,0
Deep Cover,1,0,0,0,0,0,0,0,0,0,0,0
Deep Rising,1,0,0,0,0,0,0,0,0,0,0,0
"Deer Hunter, The",0,0,0,0,1,0,0,0,0,0,0,0
Defiance,1,0,0,0,0,0,0,0,0,0,0,0
"Departed, The",0,0,0,1,0,0,0,0,0,0,0,0
"Descendants, The",0,0,1,0,0,0,0,0,0,0,0,0
Despicable Me 2,0,1,0,0,0,0,0,0,0,0,0,0
Detroit Rock City,0,1,0,0,0,0,0,0,0,0,0,0
Devil in a Blue Dress,0,0,0,1,0,0,0,0,0,0,0,0
"Devil Wears Prada, The",0,0,1,0,0,0,0,0,0,0,0,0
Devil's Advocate,0,0,0,0,1,0,0,0,0,0,0,0
Die Hard,1,0,0,0,0,0,0,0,0,0,0,0
Die Hard 2,1,0,0,0,0,0,0,0,0,0,0,0
Diner,0,0,1,0,0,0,0,0,0,0,0,0
"Distinguished Gentleman, The",0,0,1,0,0,0,0,0,0,0,0,0
Disturbia,0,0,0,0,0,0,0,0,0,0,1,0
Django Unchained,0,1,0,0,0,0,0,0,0,0,0,0
Do The Right Thing,0,0,1,0,0,0,0,0,0,0,0,0
Dog Day Afternoon,0,0,1,0,0,0,0,0,0,0,0,0
Dogma,0,1,0,0,0,0,0,0,0,0,0,0
Donnie Brasco,0,0,0,1,0,0,0,0,0,0,0,0
"Doors, The",0,0,0,0,1,0,0,0,0,0,0,0
Double Indemnity,0,0,0,1,0,0,0,0,0,0,0,0
Drag Me to Hell,0,0,0,0,0,0,0,1,0,0,0,0
Dragonslayer,1,0,0,0,0,0,0,0,0,0,0,0
Drive,1,0,0,0,0,0,0,0,0,0,0,0
Drive Angry,1,0,0,0,0,0,0,0,0,0,0,0
Drop Dead Gorgeous,0,0,1,0,0,0,0,0,0,0,0,0
"Dry White Season, A",0,0,0,0,1,0,0,0,0,0,0,0
Duck Soup,0,0,1,0,0,0,0,0,0,0,0,0
Dumb and Dumber,0,1,0,0,0,0,0,0,0,0,0,0
Dune,1,0,0,0,0,0,0,0,0,0,0,0
E.T.,0,1,0,0,0,0,0,0,0,0,0,0
Eagle Eye,1,0,0,0,0,0,0,0,0,0,0,0
Eastern Promises,0,0,0,1,0,0,0,0,0,0,0,0
Easy A,0,0,1,0,0,0,0,0,0,0,0,0
Ed TV,0,0,1,0,0,0,0,0,0,0,0,0
Ed Wood,0,0,1,0,0,0,0,0,0,0,0,0
Edward Scissorhands,0,0,0,0,1,0,0,0,0,0,0,0
Eight Legged Freaks,1,0,0,0,0,0,0,0,0,0,0,0
Election,0,0,1,0,0,0,0,0,0,0,0,0
"Elephant Man, The",0,0,0,0,1,0,0,0,0,0,0,0
Elizabeth The Golden Age,0,0,0,0,1,0,0,0,0,0,0,0
Enemy of the State,1,0,0,0,0,0,0,0,0,0,0,0
"English Patient, The",0,0,0,0,1,0,0,0,0,0,0,0
Enough,0,0,0,0,1,0,0,0,0,0,0,0
Entrapment,1,0,0,0,0,0,0,0,0,0,0,0
Erik the Viking,0,0,0,0,0,0,1,0,0,0,0,0
Erin Brockovich,0,0,1,0,0,0,0,0,0,0,0,0
Escape From L.A.,1,0,0,0,0,0,0,0,0,0,0,0
Escape From New York,1,0,0,0,0,0,0,0,0,0,0,0
Eternal Sunshine of the Spotless Mind,0,0,0,0,1,0,0,0,0,0,0,0
Even Cowgirls Get the Blues,0,0,1,0,0,0,0,0,0,0,0,0
Event Horizon,0,0,0,0,0,0,0,1,0,0,0,0
Evil Dead,0,0,1,0,0,0,0,0,0,0,0,0
Evil Dead II Dead by Dawn,1,0,0,0,0,0,0,0,0,0,0,0
Ex Machina,0,0,0,0,1,0,0,0,0,0,0,0
Excalibur,0,1,0,0,0,0,0,0,0,0,0,0
Extract,0,0,1,0,0,0,0,0,0,0,0,0
"Fabulous Baker Boys, The",0,0,0,0,1,0,0,0,0,0,0,0
Face Off,1,0,0,0,0,0,0,0,0,0,0,0
Fair Game,1,0,0,0,0,0,0,0,0,0,0,0
"Family Man, The",0,0,1,0,0,0,0,0,0,0,0,0
Fantastic Four,1,0,0,0,0,0,0,0,0,0,0,0
Fantastic Mr Fox,0,1,0,0,0,0,0,0,0,0,0,0
Fargo,0,0,1,0,0,0,0,0,0,0,0,0
Fast Times at Ridgemont High,0,0,1,0,0,0,0,0,0,0,0,0
Fatal Instinct,0,0,1,0,0,0,0,0,0,0,0,0
"Fault in Our Stars, The",0,0,0,0,1,0,0,0,0,0,0,0
Fear and Loathing in Las Vegas,0,0,1,0,0,0,0,0,0,0,0,0
Feast,1,0,0,0,0,0,0,0,0,0,0,0
Ferris Bueller's Day Off,0,0,1,0,0,0,0,0,0,0,0,0
Field of Dreams,0,0,0,0,1,0,0,0,0,0,0,0
"Fifth Element, The",1,0,0,0,0,0,0,0,0,0,0,0
Fight Club,1,0,0,0,0,0,0,0,0,0,0,0
"Fighter, The",0,0,0,0,1,0,0,0,0,0,0,0
Final Destination,0,0,0,0,0,0,0,1,0,0,0,0
Final Destination 2,0,0,0,0,0,0,0,1,0,0,0,0
Finding Nemo,0,1,0,0,0,0,0,0,0,0,0,0
Five Easy Pieces,0,0,0,0,1,0,0,0,0,0,0,0
Flash Gordon,1,0,0,0,0,0,0,0,0,0,0,0
Fletch,0,0,1,0,0,0,0,0,0,0,0,0
Flight,0,0,0,0,1,0,0,0,0,0,0,0
"Flintstones, The",0,0,1,0,0,0,0,0,0,0,0,0
Forrest Gump,0,0,1,0,0,0,0,0,0,0,0,0
Four Feathers,0,1,0,0,0,0,0,0,0,0,0,0
Four Rooms,0,0,1,0,0,0,0,0,0,0,0,0
Foxcatcher,0,0,0,0,1,0,0,0,0,0,0,0
Fracture,0,0,0,1,0,0,0,0,0,0,0,0
Frances,0,0,0,0,1,0,0,0,0,0,0,0
Freaked,0,0,1,0,0,0,0,0,0,0,0,0
Freddy vs. Jason,1,0,0,0,0,0,0,0,0,0,0,0
"French Connection, The",1,0,0,0,0,0,0,0,0,0,0,0
Frequency,0,0,0,0,0,0,0,0,0,0,1,0
Friday the 13th,0,0,0,0,0,0,0,1,0,0,0,0
Friday the 13th Part VIII Jason Takes Manhattan,0,0,0,0,0,0,0,1,0,0,0,0
Fright Night,0,0,1,0,0,0,0,0,0,0,0,0
Fright Night (1985),0,0,1,0,0,0,0,0,0,0,0,0
From Dusk Till Dawn,1,0,0,0,0,0,0,0,0,0,0,0
From Here to Eternity,0,0,0,0,1,0,0,0,0,0,0,0
Frozen,0,0,0,0,1,0,0,0,0,0,0,0
Frozen (Disney),0,1,0,0,0,0,0,0,0,0,0,0
Frozen River,0,0,0,1,0,0,0,0,0,0,0,0
Fruitvale Station,0,0,0,0,1,0,0,0,0,0,0,0
"Fugitive, The",1,0,0,0,0,0,0,0,0,0,0,0
Funny People,0,0,1,0,0,0,0,0,0,0,0,0
G.I. Jane,1,0,0,0,0,0,0,0,0,0,0,0
G.I. Joe The Rise of Cobra,1,0,0,0,0,0,0,0,0,0,0,0
Game 6,0,0,1,0,0,0,0,0,0,0,0,0
"Game, The",0,0,0,0,0,0,0,0,0,0,1,0
Gamer,1,0,0,0,0,0,0,0,0,0,0,0
Gandhi,0,0,0,0,1,0,0,0,0,0,0,0
Gang Related,0,0,0,1,0,0,0,0,0,0,0,0
Gangs of New York,0,0,0,1,0,0,0,0,0,0,0,0
Garden State,0,0,1,0,0,0,0,0,0,0,0,0
Gattaca,0,0,0,0,1,0,0,0,0,0,0,0
Get Carter,1,0,0,0,0,0,0,0,0,0,0,0
Get Low,0,0,0,0,1,0,0,0,0,0,0,0
Get on Up,0,0,0,0,1,0,0,0,0,0,0,0
Get Out,0,0,0,0,0,0,0,1,0,0,0,0
"Getaway, The",1,0,0,0,0,0,0,0,0,0,0,0
Ghost,0,0,0,0,1,0,0,0,0,0,0,0
"Ghost and the Darkness, The",1,0,0,0,0,0,0,0,0,0,0,0
Ghost Rider,1,0,0,0,0,0,0,0,0,0,0,0
Ghost Ship,1,0,0,0,0,0,0,0,0,0,0,0
Ghost World,0,0,1,0,0,0,0,0,0,0,0,0
Ghostbusters,0,0,1,0,0,0,0,0,0,0,0,0
Ghostbusters 2,1,0,0,0,0,0,0,0,0,0,0,0
"Girl with the Dragon Tattoo, The",0,0,0,1,0,0,0,0,0,0,0,0
Gladiator,1,0,0,0,0,0,0,0,0,0,0,0
Glengarry Glen Gross,0,0,0,0,1,0,0,0,0,0,0,0
Go,0,0,1,0,0,0,0,0,0,0,0,0
Godfather,0,0,0,1,0,0,0,0,0,0,0,0
Godfather Part II,0,0,0,1,0,0,0,0,0,0,0,0
"Godfather Part III, The",0,0,0,1,0,0,0,0,0,0,0,0
Gods and Monsters,0,0,0,0,1,0,0,0,0,0,0,0
Godzilla,1,0,0,0,0,0,0,0,0,0,0,0
Gone Baby Gone,0,0,0,1,0,0,0,0,0,0,0,0
Gone in 60 Seconds,1,0,0,0,0,0,0,0,0,0,0,0
"Good Girl, The",0,0,1,0,0,0,0,0,0,0,0,0
Good Will Hunting,0,0,1,0,0,0,0,0,0,0,0,0
Gothika,0,0,0,0,0,0,0,1,0,0,0,0
Grabbers,0,0,1,0,0,0,0,0,0,0,0,0
"Graduate, The",0,0,1,0,0,0,0,0,0,0,0,0
Gran Torino,0,0,0,1,0,0,0,0,0,0,0,0
Grand Hotel,0,0,0,0,1,0,0,0,0,0,0,0
Grand Theft Parsons,0,0,1,0,0,0,0,0,0,0,0,0
"Grapes of Wrath, The",0,0,0,0,1,0,0,0,0,0,0,0
Gravity,0,0,0,0,0,0,0,0,0,1,0,0
"Great Gatsby, The",0,0,0,0,1,0,0,0,0,0,0,0
"Green Mile, The",0,0,0,0,1,0,0,0,0,0,0,0
Gremlins,0,0,1,0,0,0,0,0,0,0,0,0
Gremlins 2,0,0,1,0,0,0,0,0,0,0,0,0
"Grifters, The",0,0,0,1,0,0,0,0,0,0,0,0
Grosse Point Blank,0,0,1,0,0,0,0,0,0,0,0,0
Groundhog Day,0,0,1,0,0,0,0,0,0,0,0,0
"Grudge, The",0,0,0,0,0,0,0,1,0,0,0,0
Guardians of the Galaxy Vol 2,1,0,0,0,0,0,0,0,0,0,0,0
Hackers,1,0,0,0,0,0,0,0,0,0,0,0
Hall Pass,0,0,1,0,0,0,0,0,0,0,0,0
Halloween,0,0,0,0,0,0,0,1,0,0,0,0
Halloween The Curse of Michael Myers,0,0,0,0,0,0,0,1,0,0,0,0
Hancock,1,0,0,0,0,0,0,0,0,0,0,0
"Hangover, The",0,0,1,0,0,0,0,0,0,0,0,0
Hanna,1,0,0,0,0,0,0,0,0,0,0,0
Hannah and Her Sisters,0,0,1,0,0,0,0,0,0,0,0,0
Hannibal,0,0,0,0,0,0,0,1,0,0,0,0
"Happy Birthday, Wanda June",0,0,1,0,0,0,0,0,0,0,0,0
Happy Feet,0,0,1,0,0,0,0,0,0,0,0,0
Hard Rain,1,0,0,0,0,0,0,0,0,0,0,0
Hard to Kill,1,0,0,0,0,0,0,0,0,0,0,0
Harold and Kumar Go to White Castle,0,1,0,0,0,0,0,0,0,0,0,0
"Haunting, The",0,0,0,0,0,0,0,1,0,0,0,0
Heat,1,0,0,0,0,0,0,0,0,0,0,0
Heathers,0,0,1,0,0,0,0,0,0,0,0,0
Heavenly Creatures,0,0,0,1,0,0,0,0,0,0,0,0
Heavy Metal,1,0,0,0,0,0,0,0,0,0,0,0
"Hebrew Hammer, The",0,0,1,0,0,0,0,0,0,0,0,0
Heist,0,0,0,1,0,0,0,0,0,0,0,0
Hellbound Hellraiser II,0,0,0,0,0,0,0,1,0,0,0,0
Hellboy,1,0,0,0,0,0,0,0,0,0,0,0
Hellboy 2 The Golden Army,1,0,0,0,0,0,0,0,0,0,0,0
Hellraiser,0,0,0,0,0,0,0,1,0,0,0,0
Hellraiser 3 Hell on Earth,0,0,0,0,0,0,1,0,0,0,0,0
Hellraiser Deader,0,0,0,0,0,0,0,1,0,0,0,0
Hellraiser Hellseeker,0,0,0,0,0,0,0,1,0,0,0,0
"Help, The",0,0,0,0,1,0,0,0,0,0,0,0
Henry Fool,0,0,1,0,0,0,0,0,0,0,0,0
Henry's Crime,0,0,0,1,0,0,0,0,0,0,0,0
Her,0,0,0,0,1,0,0,0,0,0,0,0
He's Just Not That Into You,0,0,1,0,0,0,0,0,0,0,0,0
Hesher,0,0,0,0,1,0,0,0,0,0,0,0
High Fidelity,0,0,1,0,0,0,0,0,0,0,0,0
Highlander,1,0,0,0,0,0,0,0,0,0,0,0
Highlander Endgame,1,0,0,0,0,0,0,0,0,0,0,0
"Hills Have Eyes, The",0,0,0,0,0,0,0,1,0,0,0,0
His Girl Friday,0,0,1,0,0,0,0,0,0,0,0,0
Hitchcock,0,0,0,0,1,0,0,0,0,0,0,0
"Hitchhiker's Guide to the Galaxy, The",0,1,0,0,0,0,0,0,0,0,0,0
Hollow Man,0,0,0,0,0,0,0,1,0,0,0,0
Honeydripper,0,0,0,0,1,0,0,0,0,0,0,0
Horrible Bosses,0,0,1,0,0,0,0,0,0,0,0,0
"Horse Whisperer, The",0,0,0,0,1,0,0,0,0,0,0,0
"Hospital, The",0,0,1,0,0,0,0,0,0,0,0,0
Hostage,1,0,0,0,0,0,0,0,0,0,0,0
Hot Tub Time Machine,0,0,1,0,0,0,0,0,0,0,0,0
Hotel Rwanda,0,0,0,0,1,0,0,0,0,0,0,0
House of 1000 Corpses,0,0,0,0,0,0,0,1,0,0,0,0
How to Train Your Dragon,0,1,0,0,0,0,0,0,0,0,0,0
How to Train Your Dragon 2,1,0,0,0,0,0,0,0,0,0,0,0
Hudson Hawk,1,0,0,0,0,0,0,0,0,0,0,0
"Hudsucker Proxy, The",0,0,1,0,0,0,0,0,0,0,0,0
Human Nature,0,0,1,0,0,0,0,0,0,0,0,0
"Hunt for Red October, The",1,0,0,0,0,0,0,0,0,0,0,0
"Hurt Locker, The",0,0,0,0,1,0,0,0,0,0,0,0
I Am Number Four,1,0,0,0,0,0,0,0,0,0,0,0
I am Sam,0,0,0,0,1,0,0,0,0,0,0,0
I Love You Phillip Morris,0,0,1,0,0,0,0,0,0,0,0,0
I Spit on Your Grave,0,0,0,1,0,0,0,0,0,0,0,0
I Still Know What You Did Last Summer,0,0,0,0,0,0,0,1,0,0,0,0
"I, Robot",1,0,0,0,0,0,0,0,0,0,0,0
"Ice Storm, The",0,0,0,0,1,0,0,0,0,0,0,0
"Ides of March, The",0,0,0,0,1,0,0,0,0,0,0,0
I'll Do Anything,0,0,1,0,0,0,0,0,0,0,0,0
"Imaginarium of Doctor Parnassus, The",0,1,0,0,0,0,0,0,0,0,0,0
In the Bedroom,0,0,0,1,0,0,0,0,0,0,0,0
In the Loop,0,0,1,0,0,0,0,0,0,0,0,0
Inception,1,0,0,0,0,0,0,0,0,0,0,0
Independence Day,1,0,0,0,0,0,0,0,0,0,0,0
Indiana Jones and the Last Crusade,1,0,0,0,0,0,0,0,0,0,0,0
Indiana Jones and the Raiders of the Lost Ark,1,0,0,0,0,0,0,0,0,0,0,0
Indiana Jones and the Temple of Doom,1,0,0,0,0,0,0,0,0,0,0,0
Indiana Jones IV,1,0,0,0,0,0,0,0,0,0,0,0
"Informant, The",0,0,1,0,0,0,0,0,0,0,0,0
Inglourious Basterds,1,0,0,0,0,0,0,0,0,0,0,0
"Insider, The",0,0,0,0,1,0,0,0,0,0,0,0
Insidious,0,0,0,0,0,0,0,1,0,0,0,0
Insomnia,0,0,0,1,0,0,0,0,0,0,0,0
Interstellar,0,1,0,0,0,0,0,0,0,0,0,0
Interview with the Vampire,0,0,0,0,1,0,0,0,0,0,0,0
Into the Wild,0,1,0,0,0,0,0,0,0,0,0,0
Into the Woods,0,1,0,0,0,0,0,0,0,0,0,0
Intolerable Cruelty,0,0,1,0,0,0,0,0,0,0,0,0
Inventing the Abbotts,0,0,0,0,1,0,0,0,0,0,0,0
"Invention of Lying, The",0,0,1,0,0,0,0,0,0,0,0,0
Invictus,0,0,0,0,1,0,0,0,0,0,0,0
"Iron Lady, The",0,0,0,0,1,0,0,0,0,0,0,0
"Island, The",1,0,0,0,0,0,0,0,0,0,0,0
It,0,0,0,0,1,0,0,0,0,0,0,0
It Happened One Night,0,0,1,0,0,0,0,0,0,0,0,0
"Italian Job, The",1,0,0,0,0,0,0,0,0,0,0,0
It's a Wonderful Life,0,0,0,0,1,0,0,0,0,0,0,0
It's Complicated,0,0,1,0,0,0,0,0,0,0,0,0
"Jacket, The",0,0,0,0,1,0,0,0,0,0,0,0
Jackie Brown,0,0,1,0,0,0,0,0,0,0,0,0
Jacob's Ladder,0,0,0,0,1,0,0,0,0,0,0,0
Jane Eyre,0,0,0,0,1,0,0,0,0,0,0,0
Jason X,1,0,0,0,0,0,0,0,0,0,0,0
Jaws,0,1,0,0,0,0,0,0,0,0,0,0
Jaws 2,0,1,0,0,0,0,0,0,0,0,0,0
Jay and Silent Bob Strike Back,0,1,0,0,0,0,0,0,0,0,0,0
Jennifer Eight,0,0,0,0,0,0,0,0,0,0,1,0
Jennifer's Body,0,0,1,0,0,0,0,0,0,0,0,0
Jerry Maguire,0,0,1,0,0,0,0,0,0,0,0,0
Jeux Interdits,0,0,0,0,1,0,0,0,0,0,0,0
JFK,0,0,0,1,0,0,0,0,0,0,0,0
Jimmy and Judy,1,0,0,0,0,0,0,0,0,0,0,0
John Q,0,0,0,1,0,0,0,0,0,0,0,0
John Wick,1,0,0,0,0,0,0,0,0,0,0,0
Joker,0,0,0,1,0,0,0,0,0,0,0,0
Judge Dredd,1,0,0,0,0,0,0,0,0,0,0,0
Juno,0,0,1,0,0,0,0,0,0,0,0,0
Jurassic Park,1,0,0,0,0,0,0,0,0,0,0,0
Jurassic Park III,1,0,0,0,0,0,0,0,0,0,0,0
Jurassic Park The Lost World,1,0,0,0,0,0,0,0,0,0,0,0
Kafka,0,0,0,0,1,0,0,0,0,0,0,0
Kalifornia,0,0,0,1,0,0,0,0,0,0,0,0
Kids,0,0,0,0,1,0,0,0,0,0,0,0
"Kids Are All Right, The",0,0,1,0,0,0,0,0,0,0,0,0
Kill Your Darlings,0,0,0,0,1,0,0,0,0,0,0,0
Killing Zoe,0,0,0,1,0,0,0,0,0,0,0,0
King Kong,1,0,0,0,0,0,0,0,0,0,0,0
"King of Comedy, The",0,0,1,0,0,0,0,0,0,0,0,0
"Kingdom, The",1,0,0,0,0,0,0,0,0,0,0,0
"King's Speech, The",0,0,0,0,1,0,0,0,0,0,0,0
Klute,0,0,0,1,0,0,0,0,0,0,0,0
Knocked Up,0,0,1,0,0,0,0,0,0,0,0,0
Kramer vs Kramer,0,0,0,0,1,0,0,0,0,0,0,0
Kundun,0,0,0,0,1,0,0,0,0,0,0,0
Kung Fu Panda,1,0,0,0,0,0,0,0,0,0,0,0
L.A. Confidential,0,0,0,1,0,0,0,0,0,0,0,0
La La Land,0,0,1,0,0,0,0,0,0,0,0,0
Labor of Love,0,0,0,0,1,0,0,0,0,0,0,0
Labyrinth,0,1,0,0,0,0,0,0,0,0,0,0
"Ladykillers, The",0,0,1,0,0,0,0,0,0,0,0,0
Lake Placid,1,0,0,0,0,0,0,0,0,0,0,0
Land of the Dead,1,0,0,0,0,0,0,0,0,0,0,0
Larry Crowne,0,0,1,0,0,0,0,0,0,0,0,0
"Last Boy Scout, The",1,0,0,0,0,0,0,0,0,0,0,0
Last Chance Harvey,0,0,0,0,1,0,0,0,0,0,0,0
"Last Flight, The",0,0,0,0,1,0,0,0,0,0,0,0
"Last of the Mohicans, The",0,1,0,0,0,0,0,0,0,0,0,0
"Last Samurai, The",1,0,0,0,0,0,0,0,0,0,0,0
"Last Station, The",0,0,0,0,1,0,0,0,0,0,0,0
Last Tango in Paris,0,0,0,0,1,0,0,0,0,0,0,0
Law Abiding Citizen,0,0,0,1,0,0,0,0,0,0,0,0
Le Diable par la Queue,0,0,1,0,0,0,0,0,0,0,0,0
Leaving Las Vegas,0,0,0,0,1,0,0,0,0,0,0,0
Legally Blonde,0,0,1,0,0,0,0,0,0,0,0,0
Legend,0,1,0,0,0,0,0,0,0,0,0,0
Legion,1,0,0,0,0,0,0,0,0,0,0,0
"LEGO Movie, The",1,0,0,0,0,0,0,0,0,0,0,0
Les Miserables,0,0,0,0,1,0,0,0,0,0,0,0
Les Tontons Flingueurs,1,0,0,0,0,0,0,0,0,0,0,0
Leviathan,0,0,0,0,0,0,0,1,0,0,0,0
Liar Liar,0,0,1,0,0,0,0,0,0,0,0,0
Life,0,0,1,0,0,0,0,0,0,0,0,0
Life As A House,0,0,1,0,0,0,0,0,0,0,0,0
"Life of David Gale, The",0,0,0,1,0,0,0,0,0,0,0,0
Life of Pi,0,1,0,0,0,0,0,0,0,0,0,0
Light Sleeper,0,0,0,0,1,0,0,0,0,0,0,0
"Limey, The",0,0,0,1,0,0,0,0,0,0,0,0
Limitless,0,0,0,0,0,0,0,0,0,1,0,0
Lincoln,0,0,0,0,1,0,0,0,0,0,0,0
"Lincoln Lawyer, The",0,0,0,1,0,0,0,0,0,0,0,0
Little Athens,0,0,1,0,0,0,0,0,0,0,0,0
Little Men,0,0,0,0,1,0,0,0,0,0,0,0
"Little Mermaid, The",0,0,1,0,0,0,0,0,0,0,0,0
Little Nicky,0,0,1,0,0,0,0,0,0,0,0,0
Living in Oblivion,0,0,1,0,0,0,0,0,0,0,0,0
"Lock, Stock and Two Smoking Barrels",0,0,1,0,0,0,0,0,0,0,0,0
Logan,1,0,0,0,0,0,0,0,0,0,0,0
Logan's Run,1,0,0,0,0,0,0,0,0,0,0,0
Lone Star,0,0,0,1,0,0,0,0,0,0,0,0
"Long Kiss Goodnight, The",1,0,0,0,0,0,0,0,0,0,0,0
Looper,1,0,0,0,0,0,0,0,0,0,0,0
Lord of Illusions,0,0,0,0,0,0,1,0,0,0,0,0
"Lord of the Rings Fellowship of the Ring, The",1,0,0,0,0,0,0,0,0,0,0,0
Lord of the Rings Return of the King,1,0,0,0,0,0,0,0,0,0,0,0
Lord of the Rings The Two Towers,1,0,0,0,0,0,0,0,0,0,0,0
Lord of War,0,0,0,1,0,0,0,0,0,0,0,0
"Losers, The",1,0,0,0,0,0,0,0,0,0,0,0
Lost Highway,0,0,0,0,1,0,0,0,0,0,0,0
Lost Horizon,0,1,0,0,0,0,0,0,0,0,0,0
Lost in Space,1,0,0,0,0,0,0,0,0,0,0,0
Lost in Translation,0,0,1,0,0,0,0,0,0,0,0,0
Love and Basketball,0,0,0,0,1,0,0,0,0,0,0,0
Machete,1,0,0,0,0,0,0,0,0,0,0,0
Machine Gun Preacher,1,0,0,0,0,0,0,0,0,0,0,0
Mad Max 2 The Road Warrior,1,0,0,0,0,0,0,0,0,0,0,0
Made,0,0,1,0,0,0,0,0,0,0,0,0
Magnolia,0,0,0,0,1,0,0,0,0,0,0,0
"Majestic, The (The Bijou)",0,0,0,0,1,0,0,0,0,0,0,0
Major League,0,0,1,0,0,0,0,0,0,0,0,0
Malcolm X,0,0,0,0,1,0,0,0,0,0,0,0
Malibu's Most Wanted,0,0,1,0,0,0,0,0,0,0,0,0
Man in the Iron Mask,1,0,0,0,0,0,0,0,0,0,0,0
Man On Fire,1,0,0,0,0,0,0,0,0,0,0,0
Man on the Moon,0,0,1,0,0,0,0,0,0,0,0,0
Man Trouble,0,0,1,0,0,0,0,0,0,0,0,0
"Man Who Knew Too Much, The",0,1,0,0,0,0,0,0,0,0,0,0
"Man Who Wasn't There, The",0,0,1,0,0,0,0,0,0,0,0,0
"Manchurian Candidate, The",0,0,0,0,0,0,0,0,0,1,0,0
Manhattan Murder Mystery,0,0,1,0,0,0,0,0,0,0,0,0
Manhunter,0,0,0,0,1,0,0,0,0,0,0,0
Margaret,0,0,0,0,1,0,0,0,0,0,0,0
Margin Call,0,0,0,0,1,0,0,0,0,0,0,0
Margot at the Wedding,0,0,1,0,0,0,0,0,0,0,0,0
"Mariachi, El",1,0,0,0,0,0,0,0,0,0,0,0
Martha Marcy May Marlene,0,0,0,0,1,0,0,0,0,0,0,0
"Martian, The",0,1,0,0,0,0,0,0,0,0,0,0
Marty,0,0,0,0,1,0,0,0,0,0,0,0
Mary Poppins,0,0,1,0,0,0,0,0,0,0,0,0
"Mask, The",1,0,0,0,0,0,0,0,0,0,0,0
Master and Commander,1,0,0,0,0,0,0,0,0,0,0,0
"Master, The",0,0,0,0,1,0,0,0,0,0,0,0
"Matrix Reloaded, The",1,0,0,0,0,0,0,0,0,0,0,0
"Matrix, The",1,0,0,0,0,0,0,0,0,0,0,0
Max Payne,1,0,0,0,0,0,0,0,0,0,0,0
Mean Streets,0,0,0,1,0,0,0,0,0,0,0,0
"Mechanic, The",1,0,0,0,0,0,0,0,0,0,0,0
Meet Joe Black,0,0,0,0,1,0,0,0,0,0,0,0
Meet John Doe,0,0,1,0,0,0,0,0,0,0,0,0
Megamind,1,0,0,0,0,0,0,0,0,0,0,0
Memento,0,0,0,0,1,0,0,0,0,0,0,0
Men in Black,1,0,0,0,0,0,0,0,0,0,0,0
Men in Black 3,1,0,0,0,0,0,0,0,0,0,0,0
"Men Who Stare at Goats, The",0,0,1,0,0,0,0,0,0,0,0,0
Metro,1,0,0,0,0,0,0,0,0,0,0,0
Miami Vice,1,0,0,0,0,0,0,0,0,0,0,0
Midnight Cowboy,0,0,0,0,1,0,0,0,0,0,0,0
Midnight Express,0,0,0,1,0,0,0,0,0,0,0,0
Midnight in Paris,0,0,1,0,0,0,0,0,0,0,0,0
Mighty Joe Young,1,0,0,0,0,0,0,0,0,0,0,0
Mighty Morphin Power Rangers The Movie,1,0,0,0,0,0,0,0,0,0,0,0
Milk,0,0,0,0,1,0,0,0,0,0,0,0
Miller's Crossing,0,0,0,1,0,0,0,0,0,0,0,0
Mimic,0,0,0,0,0,0,0,1,0,0,0,0
Mini's First Time,0,0,1,0,0,0,0,0,0,0,0,0
Minority Report,1,0,0,0,0,0,0,0,0,0,0,0
"Miracle Worker, The",0,0,0,0,1,0,0,0,0,0,0,0
Mirrors,0,0,0,0,0,0,0,1,0,0,0,0
Misery,0,0,0,0,1,0,0,0,0,0,0,0
Mission Impossible,1,0,0,0,0,0,0,0,0,0,0,0
Mission Impossible II,1,0,0,0,0,0,0,0,0,0,0,0
Mission to Mars,0,1,0,0,0,0,0,0,0,0,0,0
Moneyball,0,0,0,0,1,0,0,0,0,0,0,0
Monkeybone,0,0,1,0,0,0,0,0,0,0,0,0
Monte Carlo,0,1,0,0,0,0,0,0,0,0,0,0
Moon,0,0,0,0,1,0,0,0,0,0,0,0
Moonrise Kingdom,0,0,1,0,0,0,0,0,0,0,0,0
Moonstruck,0,0,1,0,0,0,0,0,0,0,0,0
Mr Blandings Builds His Dream House,0,0,1,0,0,0,0,0,0,0,0,0
Mr Brooks,0,0,0,1,0,0,0,0,0,0,0,0
Mr Deeds Goes to Town,0,0,1,0,0,0,0,0,0,0,0,0
Mrs. Brown,0,0,0,0,1,0,0,0,0,0,0,0
Mud,0,0,0,0,1,0,0,0,0,0,0,0
Mulan,0,1,0,0,0,0,0,0,0,0,0,0
Mulholland Drive,0,0,0,0,1,0,0,0,0,0,0,0
Mumford,0,0,1,0,0,0,0,0,0,0,0,0
"Mummy, The",1,0,0,0,0,0,0,0,0,0,0,0
Music of the Heart,0,0,0,0,1,0,0,0,0,0,0,0
Mute Witness,0,0,0,0,0,0,0,1,0,0,0,0
My Best Friend's Wedding,0,0,1,0,0,0,0,0,0,0,0,0
My Girl,0,0,1,0,0,0,0,0,0,0,0,0
My Week with Marilyn,0,0,0,0,1,0,0,0,0,0,0,0
Mystery Men,1,0,0,0,0,0,0,0,0,0,0,0
Nashville,0,0,0,0,1,0,0,0,0,0,0,0
Natural Born Killers,1,0,0,0,0,0,0,0,0,0,0,0
Never Been Kissed,0,0,1,0,0,0,0,0,0,0,0,0
"Neverending Story, The",0,1,0,0,0,0,0,0,0,0,0,0
New York Minute,1,0,0,0,0,0,0,0,0,0,0,0
Newsies,0,0,0,0,0,1,0,0,0,0,0,0
Next,1,0,0,0,0,0,0,0,0,0,0,0
Next Friday,0,0,1,0,0,0,0,0,0,0,0,0
"Next Three Days, The",0,0,0,1,0,0,0,0,0,0,0,0
Ni vu ni connu,0,0,1,0,0,0,0,0,0,0,0,0
Nick of Time,0,0,0,1,0,0,0,0,0,0,0,0
Night Time (The Poltergeist Treatment),0,0,0,0,0,0,0,1,0,0,0,0
Nightbreed,1,0,0,0,0,0,0,0,0,0,0,0
"Nightmare Before Christmas, The",0,0,1,0,0,0,0,0,0,0,0,0
Nightmare on Elm Street The Final Chapter,0,0,1,0,0,0,0,0,0,0,0,0
"Nightmare on Elm Street, A",0,0,1,0,0,0,0,0,0,0,0,0
Nine,0,0,0,0,1,0,0,0,0,0,0,0
"Nines, The",0,0,0,0,1,0,0,0,0,0,0,0
Ninja Assassin,1,0,0,0,0,0,0,0,0,0,0,0
Ninotchka,0,0,1,0,0,0,0,0,0,0,0,0
"Ninth Gate, The",0,0,0,0,0,0,0,1,0,0,0,0
No Country for Old Men,0,0,0,1,0,0,0,0,0,0,0,0
No Strings Attached,0,0,1,0,0,0,0,0,0,0,0,0
Notting Hill,0,0,1,0,0,0,0,0,0,0,0,0
Nurse Betty,0,0,1,0,0,0,0,0,0,0,0,0
Oblivion,1,0,0,0,0,0,0,0,0,0,0,0
Observe and Report,0,0,1,0,0,0,0,0,0,0,0,0
Obsessed,0,0,0,0,1,0,0,0,0,0,0,0
Ocean's Eleven,0,0,1,0,0,0,0,0,0,0,0,0
Ocean's Twelve,0,0,1,0,0,0,0,0,0,0,0,0
Office Space,0,0,1,0,0,0,0,0,0,0,0,0
Omega Man,0,0,0,0,1,0,0,0,0,0,0,0
One Flew Over the Cuckoo's Nest,0,0,0,0,1,0,0,0,0,0,0,0
Only God Forgives,0,0,0,1,0,0,0,0,0,0,0,0
Ordinary People,0,0,0,0,1,0,0,0,0,0,0,0
Orgy of the Dead,0,0,0,0,0,0,1,0,0,0,0,0
Orphan,0,0,0,0,1,0,0,0,0,0,0,0
"Other Boleyn Girl, The",0,0,0,0,1,0,0,0,0,0,0,0
Out of Sight,0,0,1,0,0,0,0,0,0,0,0,0
"Pacifier, The",1,0,0,0,0,0,0,0,0,0,0,0
Pandorum,1,0,0,0,0,0,0,0,0,0,0,0
Panic Room,0,0,0,1,0,0,0,0,0,0,0,0
ParaNorman,0,1,0,0,0,0,0,0,0,0,0,0
Pariah,0,0,0,0,1,0,0,0,0,0,0,0
Passengers,0,0,0,0,1,0,0,0,0,0,0,0
"Passion of Joan of Arc, The",0,0,0,0,1,0,0,0,0,0,0,0
"Patriot, The",1,0,0,0,0,0,0,0,0,0,0,0
Paul,0,1,0,0,0,0,0,0,0,0,0,0
Pearl Harbor,1,0,0,0,0,0,0,0,0,0,0,0
Peeping Tom,0,0,0,0,1,0,0,0,0,0,0,0
Peggy Sue Got Married,0,0,1,0,0,0,0,0,0,0,0,0
Perfect Creature,1,0,0,0,0,0,0,0,0,0,0,0
"Perfect World, A",1,0,0,0,0,0,0,0,0,0,0,0
"Perks of Being a Wallflower, The",0,0,0,0,1,0,0,0,0,0,0,0
Pet Sematary,0,0,0,0,0,0,0,1,0,0,0,0
Pet Sematary II,0,0,0,0,0,0,0,1,0,0,0,0
Petulia,0,0,0,0,1,0,0,0,0,0,0,0
Philadelphia,0,0,0,0,1,0,0,0,0,0,0,0
Phone Booth,0,0,0,0,0,0,0,0,0,0,1,0
Pi,0,0,0,0,0,0,0,0,0,1,0,0
"Pianist, The",0,0,0,0,1,0,0,0,0,0,0,0
"Piano, The",0,0,0,0,1,0,0,0,0,0,0,0
Pineapple Express,0,0,1,0,0,0,0,0,0,0,0,0
Pirates of the Caribbean,1,0,0,0,0,0,0,0,0,0,0,0
Pirates of the Caribbean Dead Man's Chest,1,0,0,0,0,0,0,0,0,0,0,0
Pitch Black,0,0,0,0,0,0,0,1,0,0,0,0
"Planet of the Apes, The",1,0,0,0,0,0,0,0,0,0,0,0
Platinum Blonde,0,0,1,0,0,0,0,0,0,0,0,0
Platoon,1,0,0,0,0,0,0,0,0,0,0,0
Pleasantville,0,0,1,0,0,0,0,0,0,0,0,0
Point Break,1,0,0,0,0,0,0,0,0,0,0,0
Pokemon Mewtwo Returns,0,1,0,0,0,0,0,0,0,0,0,0
"Postman, The",1,0,0,0,0,0,0,0,0,0,0,0
"Power of One, The",0,0,0,0,1,0,0,0,0,0,0,0
Precious,0,0,0,0,1,0,0,0,0,0,0,0
Predator,1,0,0,0,0,0,0,0,0,0,0,0
"Prestige, The",0,0,0,0,1,0,0,0,0,0,0,0
Pretty Woman,0,0,1,0,0,0,0,0,0,0,0,0
Pretty Woman (final script),0,0,1,0,0,0,0,0,0,0,0,0
Pride and Prejudice,0,0,0,0,1,0,0,0,0,0,0,0
Priest,1,0,0,0,0,0,0,0,0,0,0,0
"Princess Bride, The",0,1,0,0,0,0,0,0,0,0,0,0
"Private Life of Sherlock Holmes, The",0,0,1,0,0,0,0,0,0,0,0,0
"Producer, The",0,0,1,0,0,0,0,0,0,0,0,0
"Program, The",1,0,0,0,0,0,0,0,0,0,0,0
Prom Night,0,0,0,0,0,0,0,1,0,0,0,0
Prometheus,0,1,0,0,0,0,0,0,0,0,0,0
"Prophecy, The",0,0,0,0,0,0,1,0,0,0,0,0
"Proposal, The",0,0,1,0,0,0,0,0,0,0,0,0
Psycho,0,0,0,0,0,0,0,1,0,0,0,0
Public Enemies,0,0,0,1,0,0,0,0,0,0,0,0
Pulp Fiction,1,0,0,0,0,0,0,0,0,0,0,0
Punch-Drunk Love,0,0,1,0,0,0,0,0,0,0,0,0
Purple Rain,0,0,0,0,1,0,0,0,0,0,0,0
Quantum Project,0,0,0,0,1,0,0,0,0,0,0,0
Queen of the Damned,0,0,0,0,0,0,0,1,0,0,0,0
"Queen, The",0,0,0,0,1,0,0,0,0,0,0,0
Rachel Getting Married,0,0,0,0,1,0,0,0,0,0,0,0
Raging Bull,0,0,0,0,1,0,0,0,0,0,0,0
Raising Arizona,0,0,1,0,0,0,0,0,0,0,0,0
Rambling Rose,0,0,0,0,1,0,0,0,0,0,0,0
Rambo First Blood II The Mission,1,0,0,0,0,0,0,0,0,0,0,0
"Reader, The",0,0,0,0,1,0,0,0,0,0,0,0
Real Genius,0,0,1,0,0,0,0,0,0,0,0,0
Rear Window,0,0,0,0,0,0,0,0,0,0,1,0
Rebel Without A Cause,0,0,0,0,1,0,0,0,0,0,0,0
Red Planet,1,0,0,0,0,0,0,0,0,0,0,0
Red Riding Hood,0,0,0,0,0,0,1,0,0,0,0,0
Reindeer Games,1,0,0,0,0,0,0,0,0,0,0,0
"Relic, The",0,0,0,0,0,0,0,1,0,0,0,0
Remember Me,0,0,0,0,1,0,0,0,0,0,0,0
"Replacements, The",0,0,1,0,0,0,0,0,0,0,0,0
Repo Man,0,0,1,0,0,0,0,0,0,0,0,0
"Rescuers Down Under, The",0,1,0,0,0,0,0,0,0,0,0,0
Reservoir Dogs,1,0,0,0,0,0,0,0,0,0,0,0
Resident Evil,1,0,0,0,0,0,0,0,0,0,0,0
Return of the Apes,1,0,0,0,0,0,0,0,0,0,0,0
"Revenant, The",0,1,0,0,0,0,0,0,0,0,0,0
Revolutionary Road,0,0,0,0,1,0,0,0,0,0,0,0
Ringu,0,0,0,0,0,0,0,1,0,0,0,0
Rise of the Guardians,0,1,0,0,0,0,0,0,0,0,0,0
Rise of the Planet of the Apes,1,0,0,0,0,0,0,0,0,0,0,0
RKO 281,0,0,0,0,1,0,0,0,0,0,0,0
"Road, The",0,1,0,0,0,0,0,0,0,0,0,0
Robin Hood Prince of Thieves,1,0,0,0,0,0,0,0,0,0,0,0
"Rock, The",1,0,0,0,0,0,0,0,0,0,0,0
RocknRolla,1,0,0,0,0,0,0,0,0,0,0,0
Rocky,0,0,0,0,1,0,0,0,0,0,0,0
"Rocky Horror Picture Show, The",0,0,1,0,0,0,0,0,0,0,0,0
Ronin,1,0,0,0,0,0,0,0,0,0,0,0
Room,0,0,0,0,1,0,0,0,0,0,0,0
"Roommate, The",0,0,0,0,1,0,0,0,0,0,0,0
"Ruins, The",0,0,0,0,0,0,0,1,0,0,0,0
Runaway Bride,0,0,1,0,0,0,0,0,0,0,0,0
Rush,1,0,0,0,0,0,0,0,0,0,0,0
Rush Hour,1,0,0,0,0,0,0,0,0,0,0,0
Rush Hour 2,1,0,0,0,0,0,0,0,0,0,0,0
Rust and Bone,0,0,0,0,1,0,0,0,0,0,0,0
S. Darko,0,0,0,1,0,0,0,0,0,0,0,0
"Saint, The",1,0,0,0,0,0,0,0,0,0,0,0
"Salton Sea, The",0,0,0,1,0,0,0,0,0,0,0,0
"Sandlot Kids, The",0,0,1,0,0,0,0,0,0,0,0,0
Save the Last Dance,0,0,0,0,1,0,0,0,0,0,0,0
Saving Mr. Banks,0,0,1,0,0,0,0,0,0,0,0,0
Saving Private Ryan,1,0,0,0,0,0,0,0,0,0,0,0
Saw,0,0,0,1,0,0,0,0,0,0,0,0
Scarface,1,0,0,0,0,0,0,0,0,0,0,0
Schindler's List,0,0,0,0,1,0,0,0,0,0,0,0
Scott Pilgrim vs the World,1,0,0,0,0,0,0,0,0,0,0,0
Scream,0,0,0,0,0,0,0,1,0,0,0,0
Scream 2,0,0,0,0,0,0,0,1,0,0,0,0
Scream 3,0,0,0,0,0,0,0,1,0,0,0,0
Se7en,0,0,0,0,1,0,0,0,0,0,0,0
"Searchers, The",0,0,0,0,1,0,0,0,0,0,0,0
"Secret Life of Walter Mitty, The",0,1,0,0,0,0,0,0,0,0,0,0
Semi-Pro,0,0,1,0,0,0,0,0,0,0,0,0
Sense and Sensibility,0,0,1,0,0,0,0,0,0,0,0,0
Serenity,1,0,0,0,0,0,0,0,0,0,0,0
Serial Mom,0,0,1,0,0,0,0,0,0,0,0,0
"Sessions, The",0,0,0,0,1,0,0,0,0,0,0,0
"Seventh Seal, The",0,0,0,0,1,0,0,0,0,0,0,0
Sex and the City,0,0,1,0,0,0,0,0,0,0,0,0
"Sex, Lies and Videotape",0,0,0,0,1,0,0,0,0,0,0,0
Sexual Life,0,0,1,0,0,0,0,0,0,0,0,0
Shakespeare in Love,0,0,1,0,0,0,0,0,0,0,0,0
Shallow Grave,0,0,1,0,0,0,0,0,0,0,0,0
Shame,0,0,0,0,1,0,0,0,0,0,0,0
Shampoo,0,0,0,0,1,0,0,0,0,0,0,0
"Shawshank Redemption, The",0,0,0,0,1,0,0,0,0,0,0,0
Sherlock Holmes,1,0,0,0,0,0,0,0,0,0,0,0
She's Out of My League,0,0,1,0,0,0,0,0,0,0,0,0
Shifty,0,0,0,0,0,0,0,0,0,0,1,0
"Shining, The",0,0,0,0,0,0,0,1,0,0,0,0
"Shipping News, The",0,0,0,0,1,0,0,0,0,0,0,0
Shivers,0,0,0,0,0,0,0,1,0,0,0,0
Shrek,0,1,0,0,0,0,0,0,0,0,0,0
Shrek the Third,0,1,0,0,0,0,0,0,0,0,0,0
Sicario,1,0,0,0,0,0,0,0,0,0,0,0
Sideways,0,1,0,0,0,0,0,0,0,0,0,0
"Siege, The",1,0,0,0,0,0,0,0,0,0,0,0
Signs,0,0,0,0,1,0,0,0,0,0,0,0
Silence of the Lambs,0,0,0,1,0,0,0,0,0,0,0,0
Silver Bullet,0,0,0,0,0,0,0,1,0,0,0,0
Silver Linings Playbook,0,0,1,0,0,0,0,0,0,0,0,0
Simone,0,0,1,0,0,0,0,0,0,0,0,0
Single White Female,0,0,0,0,1,0,0,0,0,0,0,0
Sister Act,0,0,1,0,0,0,0,0,0,0,0,0
Six Degrees of Separation,0,0,1,0,0,0,0,0,0,0,0,0
"Sixth Sense, The",0,0,0,0,1,0,0,0,0,0,0,0
Sleepless in Seattle,0,0,1,0,0,0,0,0,0,0,0,0
Sleepy Hollow,0,0,0,0,0,0,0,1,0,0,0,0
Sling Blade,0,0,0,0,1,0,0,0,0,0,0,0
Slither,0,0,1,0,0,0,0,0,0,0,0,0
Slumdog Millionaire,0,0,0,1,0,0,0,0,0,0,0,0
Smashed,0,0,1,0,0,0,0,0,0,0,0,0
Smokin' Aces,1,0,0,0,0,0,0,0,0,0,0,0
Snatch,0,0,1,0,0,0,0,0,0,0,0,0
Snow Falling On Cedars,0,0,0,0,1,0,0,0,0,0,0,0
Snow White and the Huntsman,1,0,0,0,0,0,0,0,0,0,0,0
So I Married an Axe Murderer,0,0,1,0,0,0,0,0,0,0,0,0
"Social Network, The",0,0,0,0,1,0,0,0,0,0,0,0
Solaris,0,0,0,0,1,0,0,0,0,0,0,0
Soldier,1,0,0,0,0,0,0,0,0,0,0,0
Someone To Watch Over Me,1,0,0,0,0,0,0,0,0,0,0,0
Something's Gotta Give,0,0,1,0,0,0,0,0,0,0,0,0
Source Code,0,0,0,0,0,0,0,0,0,1,0,0
South Park,0,0,1,0,0,0,0,0,0,0,0,0
Space Milkshake,0,0,1,0,0,0,0,0,0,0,0,0
Spanglish,0,0,1,0,0,0,0,0,0,0,0,0
Spare Me,0,0,0,0,0,0,0,0,0,0,1,0
Spartan,0,0,0,1,0,0,0,0,0,0,0,0
Speed Racer,1,0,0,0,0,0,0,0,0,0,0,0
Sphere,0,0,0,0,0,0,0,0,0,1,0,0
Spider-Man,1,0,0,0,0,0,0,0,0,0,0,0
St. Elmo's Fire,0,0,0,0,1,0,0,0,0,0,0,0
Star Trek,1,0,0,0,0,0,0,0,0,0,0,0
Star Trek First Contact,1,0,0,0,0,0,0,0,0,0,0,0
Star Trek Generations,1,0,0,0,0,0,0,0,0,0,0,0
Star Trek II The Wrath of Khan,1,0,0,0,0,0,0,0,0,0,0,0
Star Trek Nemesis,1,0,0,0,0,0,0,0,0,0,0,0
Star Trek The Motion Picture,0,0,0,0,0,0,0,0,0,1,0,0
Star Wars A New Hope,1,0,0,0,0,0,0,0,0,0,0,0
Star Wars Attack of the Clones,1,0,0,0,0,0,0,0,0,0,0,0
Star Wars Return of the Jedi,1,0,0,0,0,0,0,0,0,0,0,0
Star Wars The Empire Strikes Back,1,0,0,0,0,0,0,0,0,0,0,0
Star Wars The Force Awakens,1,0,0,0,0,0,0,0,0,0,0,0
Star Wars The Phantom Menace,1,0,0,0,0,0,0,0,0,0,0,0
Starman,0,1,0,0,0,0,0,0,0,0,0,0
Starship Troopers,1,0,0,0,0,0,0,0,0,0,0,0
State and Main,0,0,1,0,0,0,0,0,0,0,0,0
Stepmom,0,0,1,0,0,0,0,0,0,0,0,0
"Sting, The",0,0,1,0,0,0,0,0,0,0,0,0
Stir of Echoes,0,0,0,0,0,0,0,1,0,0,0,0
Storytelling,0,0,1,0,0,0,0,0,0,0,0,0
Straight Outta Compton,0,0,0,0,1,0,0,0,0,0,0,0
Strange Days,1,0,0,0,0,0,0,0,0,0,0,0
Strangers on a Train,0,0,0,0,1,0,0,0,0,0,0,0
"Stuntman, The",1,0,0,0,0,0,0,0,0,0,0,0
Sugar,0,0,0,0,1,0,0,0,0,0,0,0
Sugar and Spice,0,0,1,0,0,0,0,0,0,0,0,0
Sunset Blvd.,0,0,0,0,1,0,0,0,0,0,0,0
Sunshine Cleaning,0,0,1,0,0,0,0,0,0,0,0,0
Super 8,0,0,0,0,0,0,0,0,0,1,0,0
Superbad,0,0,1,0,0,0,0,0,0,0,0,0
Supergirl,1,0,0,0,0,0,0,0,0,0,0,0
"Surfer King, The",0,0,1,0,0,0,0,0,0,0,0,0
Surrogates,1,0,0,0,0,0,0,0,0,0,0,0
Suspect Zero,0,0,0,1,0,0,0,0,0,0,0,0
Sweeney Todd The Demon Barber of Fleet Street,0,0,0,0,1,0,0,0,0,0,0,0
"Sweet Hereafter, The",0,0,0,0,1,0,0,0,0,0,0,0
Sweet Smell of Success,0,0,0,0,1,0,0,0,0,0,0,0
Swingers,0,0,1,0,0,0,0,0,0,0,0,0
Swordfish,1,0,0,0,0,0,0,0,0,0,0,0
"Synecdoche, New York",0,0,1,0,0,0,0,0,0,0,0,0
Syriana,0,0,0,0,1,0,0,0,0,0,0,0
Take Shelter,0,0,0,0,1,0,0,0,0,0,0,0
Taking Lives,0,0,0,1,0,0,0,0,0,0,0,0
"Taking of Pelham One Two Three, The",0,0,0,1,0,0,0,0,0,0,0,0
Taking Sides,0,0,0,0,1,0,0,0,0,0,0,0
"Talented Mr. Ripley, The",0,0,0,1,0,0,0,0,0,0,0,0
Tall in the Saddle,0,0,0,0,0,0,0,0,1,0,0,0
Tamara Drewe,0,0,1,0,0,0,0,0,0,0,0,0
Taxi Driver,0,0,0,1,0,0,0,0,0,0,0,0
Ted,0,0,1,0,0,0,0,0,0,0,0,0
Terminator,1,0,0,0,0,0,0,0,0,0,0,0
Terminator 2 Judgement Day,1,0,0,0,0,0,0,0,0,0,0,0
Terminator Salvation,1,0,0,0,0,0,0,0,0,0,0,0
The Rage Carrie 2,0,0,0,0,0,0,0,1,0,0,0,0
"Theory of Everything, The",0,0,0,0,1,0,0,0,0,0,0,0
There's Something About Mary,0,0,1,0,0,0,0,0,0,0,0,0
They,0,0,0,0,0,0,0,1,0,0,0,0
"Thing, The",1,0,0,0,0,0,0,0,0,0,0,0
"Things My Father Never Taught Me, The",0,0,1,0,0,0,0,0,0,0,0,0
Thirteen Days,0,0,0,0,1,0,0,0,0,0,0,0
This Boy's Life,0,0,0,0,1,0,0,0,0,0,0,0
Thor,1,0,0,0,0,0,0,0,0,0,0,0
Thor Ragnarok,1,0,0,0,0,0,0,0,0,0,0,0
Three Kings,1,0,0,0,0,0,0,0,0,0,0,0
Three Kings (Spoils of War),1,0,0,0,0,0,0,0,0,0,0,0
Three Men and a Baby,0,0,1,0,0,0,0,0,0,0,0,0
"Three Musketeers, The",1,0,0,0,0,0,0,0,0,0,0,0
Thunderbirds,1,0,0,0,0,0,0,0,0,0,0,0
Thunderheart,0,0,0,1,0,0,0,0,0,0,0,0
Ticker,1,0,0,0,0,0,0,0,0,0,0,0
Timber Falls,0,0,0,0,0,0,0,1,0,0,0,0
"Time Machine, The",1,0,0,0,0,0,0,0,0,0,0,0
Tin Cup,0,0,1,0,0,0,0,0,0,0,0,0
Tin Men,0,0,1,0,0,0,0,0,0,0,0,0
Tinker Tailor Soldier Spy,0,0,0,0,1,0,0,0,0,0,0,0
Titanic,0,0,0,0,1,0,0,0,0,0,0,0
TMNT,1,0,0,0,0,0,0,0,0,0,0,0
To Sleep with Anger,0,0,0,0,1,0,0,0,0,0,0,0
Tombstone,1,0,0,0,0,0,0,0,0,0,0,0
Tomorrow Never Dies,1,0,0,0,0,0,0,0,0,0,0,0
Top Gun,1,0,0,0,0,0,0,0,0,0,0,0
Total Recall,1,0,0,0,0,0,0,0,0,0,0,0
"Tourist, The",1,0,0,0,0,0,0,0,0,0,0,0
Toy Story,0,0,1,0,0,0,0,0,0,0,0,0
Traffic,0,0,0,1,0,0,0,0,0,0,0,0
Training Day,1,0,0,0,0,0,0,0,0,0,0,0
Trainspotting,0,0,0,0,1,0,0,0,0,0,0,0
Transformers The Movie,1,0,0,0,0,0,0,0,0,0,0,0
Tremors,0,0,1,0,0,0,0,0,0,0,0,0
Tristan and Isolde,1,0,0,0,0,0,0,0,0,0,0,0
TRON,1,0,0,0,0,0,0,0,0,0,0,0
TRON Legacy,1,0,0,0,0,0,0,0,0,0,0,0
Tropic Thunder,1,0,0,0,0,0,0,0,0,0,0,0
True Grit,0,1,0,0,0,0,0,0,0,0,0,0
True Lies,1,0,0,0,0,0,0,0,0,0,0,0
True Romance,1,0,0,0,0,0,0,0,0,0,0,0
"Truman Show, The",0,0,1,0,0,0,0,0,0,0,0,0
Twilight,0,0,0,0,1,0,0,0,0,0,0,0
Twilight New Moon,0,0,0,0,1,0,0,0,0,0,0,0
Twin Peaks,0,0,0,0,1,0,0,0,0,0,0,0
Twins,1,0,0,0,0,0,0,0,0,0,0,0
Two For The Money,0,0,1,0,0,0,0,0,0,0,0,0
U Turn,0,0,0,0,1,0,0,0,0,0,0,0
"Ugly Truth, The",0,0,1,0,0,0,0,0,0,0,0,0
Un Singe en Hiver,0,0,1,0,0,0,0,0,0,0,0,0
Unbreakable,0,0,0,0,1,0,0,0,0,0,0,0
Under Fire,0,0,0,0,1,0,0,0,0,0,0,0
Unknown,0,0,0,0,1,0,0,0,0,0,0,0
Up,0,1,0,0,0,0,0,0,0,0,0,0
Up in the Air,0,0,0,0,1,0,0,0,0,0,0,0
"Usual Suspects, The",0,0,0,1,0,0,0,0,0,0,0,0
V for Vendetta,1,0,0,0,0,0,0,0,0,0,0,0
Valkyrie,0,0,0,0,1,0,0,0,0,0,0,0
Vanilla Sky,0,0,0,0,0,0,0,0,1,0,0,0
"Verdict, The",0,0,0,0,1,0,0,0,0,0,0,0
Very Bad Things,0,0,1,0,0,0,0,0,0,0,0,0
Virtuosity,1,0,0,0,0,0,0,0,0,0,0,0
"Visitor, The",0,0,0,1,0,0,0,0,0,0,0,0
Wag the Dog,0,0,1,0,0,0,0,0,0,0,0,0
"Walk to Remember, A",0,0,0,0,1,0,0,0,0,0,0,0
Walking Tall,1,0,0,0,0,0,0,0,0,0,0,0
Wall Street,0,0,0,1,0,0,0,0,0,0,0,0
Wall Street Money Never Sleeps,0,0,0,0,1,0,0,0,0,0,0,0
Wall-E,0,1,0,0,0,0,0,0,0,0,0,0
Wanted,1,0,0,0,0,0,0,0,0,0,0,0
War for the Planet of the Apes,1,0,0,0,0,0,0,0,0,0,0,0
War Horse,0,0,0,0,1,0,0,0,0,0,0,0
War of the Worlds,1,0,0,0,0,0,0,0,0,0,0,0
Warm Springs,0,0,0,0,1,0,0,0,0,0,0,0
Warrior,1,0,0,0,0,0,0,0,0,0,0,0
Watchmen,1,0,0,0,0,0,0,0,0,0,0,0
Water for Elephants,0,0,0,0,1,0,0,0,0,0,0,0
"Way Back, The",0,1,0,0,0,0,0,0,0,0,0,0
We Own the Night,0,0,0,1,0,0,0,0,0,0,0,0
What Lies Beneath,0,0,0,0,1,0,0,0,0,0,0,0
When a Stranger Calls,0,0,0,0,0,0,0,1,0,0,0,0
While She Was Out,0,0,0,1,0,0,0,0,0,0,0,0
"Whistleblower, The",0,0,0,0,1,0,0,0,0,0,0,0
White Christmas,0,0,1,0,0,0,0,0,0,0,0,0
White Jazz,0,0,0,1,0,0,0,0,0,0,0,0
"White Ribbon, The",0,0,0,1,0,0,0,0,0,0,0,0
White Squall,0,1,0,0,0,0,0,0,0,0,0,0
Whiteout,1,0,0,0,0,0,0,0,0,0,0,0
Who's Your Daddy,0,0,1,0,0,0,0,0,0,0,0,0
Wild At Heart,0,0,0,1,0,0,0,0,0,0,0,0
"Wild Bunch, The",1,0,0,0,0,0,0,0,0,0,0,0
Wild Hogs,1,0,0,0,0,0,0,0,0,0,0,0
Wild Things,0,0,0,1,0,0,0,0,0,0,0,0
Wild Things Diamonds in the Rough,1,0,0,0,0,0,0,0,0,0,0,0
Wild Wild West,1,0,0,0,0,0,0,0,0,0,0,0
Willow,1,0,0,0,0,0,0,0,0,0,0,0
Win Win,0,0,1,0,0,0,0,0,0,0,0,0
Wind Chill,0,0,0,0,0,0,0,1,0,0,0,0
Withnail and I,0,0,1,0,0,0,0,0,0,0,0,0
Witness,0,0,0,1,0,0,0,0,0,0,0,0
"Wizard of Oz, The",0,1,0,0,0,0,0,0,0,0,0,0
"Wolf of Wall Street, The",0,0,1,0,0,0,0,0,0,0,0,0
Wonder Boys,0,0,1,0,0,0,0,0,0,0,0,0
Wonder Woman,1,0,0,0,0,0,0,0,0,0,0,0
"Woodsman, The",0,0,0,0,1,0,0,0,0,0,0,0
"World is not Enough, The",1,0,0,0,0,0,0,0,0,0,0,0
"Wrestler, The",0,0,0,0,1,0,0,0,0,0,0,0
"X-Files Fight the Future, The",1,0,0,0,0,0,0,0,0,0,0,0
X-Men,1,0,0,0,0,0,0,0,0,0,0,0
X-Men Origins Wolverine,1,0,0,0,0,0,0,0,0,0,0,0
xXx,1,0,0,0,0,0,0,0,0,0,0,0
Year One,0,1,0,0,0,0,0,0,0,0,0,0
Yes Man,0,0,1,0,0,0,0,0,0,0,0,0
You Can Count On Me,0,0,0,0,1,0,0,0,0,0,0,0
Youth in Revolt,0,0,1,0,0,0,0,0,0,0,0,0
You've Got Mail,0,0,1,0,0,0,0,0,0,0,0,0
Zero Dark Thirty,0,0,0,0,1,0,0,0,0,0,0,0
Zerophilia,0,0,1,0,0,0,0,0,0,0,0,0
Zootopia,0,1,0,0,0,0,0,0,0,0,0,0
